{
  "schema_version": 1,
  "final_metrics": {
    "run_id": "sn60-round-20260719T025046Z-6bc66b-pr-160",
    "promotion_ready": true,
    "promotion_reason": "candidate beat the current SN60 king",
    "validator_replica_count": 1,
    "runs_per_project": 3,
    "project_pass_threshold": "2_of_3",
    "king_sn60_pass_score": 0.0,
    "candidate_sn60_pass_score": 0.0,
    "candidate_sn60_pass_score_delta": 0.0,
    "king_detection_score": 0.14285714285714285,
    "candidate_detection_score": 0.19047619047619047,
    "king_aggregated_score": 0.14285714285714285,
    "candidate_aggregated_score": 0.19047619047619047,
    "candidate_aggregated_score_delta": 0.047619047619047616,
    "king_true_positives": 12,
    "candidate_true_positives": 16,
    "king_total_expected": 84,
    "candidate_total_expected": 84,
    "king_total_found": 150,
    "candidate_total_found": 71,
    "king_precision": 0.08,
    "candidate_precision": 0.22535211267605634,
    "king_f1_score": 0.10256410256410256,
    "candidate_f1_score": 0.20645161290322578,
    "king_invalid_runs": 2,
    "candidate_invalid_runs": 0,
    "sandbox_commit": "069ae1e2f152370fa97f3397d8a8f8aed5a78539",
    "benchmark_sha256": "2b0c8b0251d92c36ca341be7168bf1e5660d2ea8da99f99298cae3e3dcdf4855",
    "scorer_version": "ScaBenchScorerV2"
  },
  "local_replica_scores": {
    "king": [
      0.2,
      0.2,
      0.2,
      0.0,
      0.3333333333333333,
      0.3333333333333333,
      0.0,
      0.0,
      0.0,
      0.0,
      0.0,
      0.0,
      0.0,
      0.5,
      0.5,
      0.0,
      0.0,
      0.0,
      0.25,
      0.25,
      0.125
    ],
    "candidate": [
      0.0,
      0.0,
      0.0,
      0.3333333333333333,
      0.3333333333333333,
      0.3333333333333333,
      0.0,
      0.0,
      0.0,
      0.0,
      0.0,
      0.0,
      0.0,
      0.0,
      0.0,
      0.16666666666666666,
      0.16666666666666666,
      0.16666666666666666,
      0.25,
      0.5,
      0.5
    ]
  },
  "pass_counts": {
    "king": 0,
    "candidate": 0
  },
  "true_positives": {
    "king": 12,
    "candidate": 16
  },
  "invalid_runs": {
    "king": 2,
    "candidate": 0
  },
  "final_winner": "candidate",
  "recorded_at": "2026-07-19T13:59:55.519393+00:00"
}
